Title,Date
"Formula 1: Drive to Survive: Season 5: The New Dawn","5/2/24"
"Rick and Morty: Season 6: Rick: A Mort Well Lived","5/2/24"
"Lift","19/1/24"
"You Are So Not Invited to My Bat Mitzvah","15/1/24"
"Everything Everywhere All at Once","10/1/24"
"Rick and Morty: Season 6: Full Meta JackRick","4/1/24"
"Rick and Morty: Season 6: JuRicksic Mort","11/10/23"
"Rick and Morty: Season 6: Final DeSmithation","11/10/23"
"Rick and Morty: Season 6: Night Family","11/10/23"
"Rick and Morty: Season 6: Bethic Twinstinct","10/10/23"
"Rick and Morty: Season 6: Solaricks","10/10/23"
"Rick and Morty: Season 5: Rickmurai Jack","9/10/23"
"Rick and Morty: Season 5: Mort Dinner Rick Andre","9/10/23"
